Overall Accuracy,Variance,Sympy Error Correct Ratio
0.4091597796143251,0.23187172079146806,0.10736196319018405
