Overall Accuracy,Variance,Sympy Error Correct Ratio
0.37231597873309097,0.18043501708885992,0.03571428571428571
