Overall Accuracy,Variance,Sympy Error Correct Ratio
0.33530106257378983,0.19501756453984723,0.07407407407407407
