Overall Accuracy,Variance,Sympy Error Correct Ratio
0.4010752688172043,0.19030618605553487,0.036036036036036036
