Overall Accuracy,Variance,Sympy Error Correct Ratio
0.38875,0.2001007089725709,0.05128205128205128
