Overall Accuracy,Variance,Sympy Error Correct Ratio
0.26561181434599157,0.17042704721975865,0.0234375
