Overall Accuracy,Variance,Sympy Error Correct Ratio
0.5053763440860215,0.25268817204301075,0.0
