Overall Accuracy,Variance,Sympy Error Correct Ratio
0.3170437405731523,0.20499354403766168,0.07207207207207207
