Overall Accuracy,Variance,Sympy Error Correct Ratio
0.4433959694989107,0.18447044092754172,0.049528301886792456
