Overall Accuracy,Variance,Sympy Error Correct Ratio
0.33793363499245854,0.204247680424151,0.03608247422680412
