Overall Accuracy,Variance,Sympy Error Correct Ratio
0.5070195724087233,0.18429900251676207,0.05289672544080604
