Overall Accuracy,Variance,Sympy Error Correct Ratio
0.3233031674208145,0.18452646373234607,0.039301310043668124
