Overall Accuracy,Variance,Sympy Error Correct Ratio
0.22436708860759497,0.12901852822345847,0.046052631578947366
