Overall Accuracy,Variance,Sympy Error Correct Ratio
0.33791666666666664,0.20822428112786154,0.01639344262295082
