Overall Accuracy,Variance,Sympy Error Correct Ratio
0.36375,0.21330663735343383,0.012903225806451613
