Overall Accuracy,Variance,Sympy Error Correct Ratio
0.3217299578059072,0.20457080276277245,0.04
