Overall Accuracy,Variance,Sympy Error Correct Ratio
0.5941823899371069,0.23927615825608314,0.10638297872340426
