Overall Accuracy,Variance,Sympy Error Correct Ratio
0.28770739064856715,0.18821815439462497,0.06060606060606061
