Overall Accuracy,Variance,Sympy Error Correct Ratio
0.4317796610169492,0.2324254718115158,0.06944444444444445
