Overall Accuracy,Variance,Sympy Error Correct Ratio
0.31223628691983124,0.19983516532738496,0.045454545454545456
