Overall Accuracy,Variance,Sympy Error Correct Ratio
0.3421487603305785,0.20829448769094186,0.11439114391143912
