Overall Accuracy,Variance,Sympy Error Correct Ratio
0.6090225563909775,0.23991797676008203,0.09090909090909091
