Overall Accuracy,Variance,Sympy Error Correct Ratio
0.33320405085110966,0.1676389751704878,0.06349206349206349
