Overall Accuracy,Variance,Sympy Error Correct Ratio
0.413265306122449,0.19218926387293733,0.05536332179930796
