Overall Accuracy,Variance,Sympy Error Correct Ratio
0.44104683195592287,0.1892763546441404,0.1362530413625304
