Overall Accuracy,Variance,Sympy Error Correct Ratio
0.32008003766478343,0.16659520764604008,0.034482758620689655
