Overall Accuracy,Variance,Sympy Error Correct Ratio
0.42270833333333335,0.23045962633658762,0.08530805687203792
