Overall Accuracy,Variance,Sympy Error Correct Ratio
0.48651027077497666,0.20374782615763815,0.11235955056179775
