Overall Accuracy,Variance,Sympy Error Correct Ratio
0.3638888888888889,0.21901828606849527,0.11627906976744186
