Overall Accuracy,Variance,Sympy Error Correct Ratio
0.44001488095238095,0.17957549978237458,0.07232704402515723
