Overall Accuracy,Variance,Sympy Error Correct Ratio
0.3596666666666667,0.2163326633165829,0.02247191011235955
