Overall Accuracy,Variance,Sympy Error Correct Ratio
0.3603107344632768,0.20706817726489563,0.07228915662650602
