Overall Accuracy,Variance,Sympy Error Correct Ratio
0.3438818565400844,0.21361767314359428,0.058333333333333334
