Overall Accuracy,Variance,Sympy Error Correct Ratio
0.34711309523809525,0.1910934553364897,0.0661764705882353
