Overall Accuracy,Variance,Sympy Error Correct Ratio
0.4028954802259887,0.23080836538846816,0.07169811320754717
