Overall Accuracy,Variance,Sympy Error Correct Ratio
0.4101736111111111,0.22872364476793738,0.07048458149779736
