Overall Accuracy,Variance,Sympy Error Correct Ratio
0.3987603305785124,0.2371146394156579,0.1064516129032258
