Overall Accuracy,Variance,Sympy Error Correct Ratio
0.37098634651600754,0.17252207393939797,0.057441253263707574
