Overall Accuracy,Variance,Sympy Error Correct Ratio
0.6313725490196078,0.23280349615191245,0.18421052631578946
