Overall Accuracy,Variance,Sympy Error Correct Ratio
0.6568627450980392,0.22650439486139284,0.08888888888888889
