Overall Accuracy,Variance,Sympy Error Correct Ratio
0.4919786096256685,0.2512793973894543,0.0
